"","superkingdom","phylum","class","order","family","genus","species"
"Carcharhinus genus 1","Eukaryota","Chordata","Chondrichthyes","Carcharhiniformes","Carcharhinidae","Carcharhinus","Carcharhinus genus"
"Sphyrna lewini 1","Eukaryota","Chordata","Chondrichthyes","Carcharhiniformes","Carcharhinidae","Sphyrna","Sphyrna lewini"
"Stegastes arcifrons 1","Eukaryota","Chordata","Actinopteri","Actinopteri class","Pomacentridae","Stegastes","Stegastes arcifrons"
"Mugil thoburni 1","Eukaryota","Chordata","Actinopteri","Mugiliformes","Mugilidae","Mugil","Mugil thoburni"
"Mugil cephalus 1","Eukaryota","Chordata","Actinopteri","Mugiliformes","Mugilidae","Mugil","Mugil cephalus"
"Decapterus genus 1","Eukaryota","Chordata","Actinopteri","Carangiformes","Carangidae","Decapterus","Decapterus genus"
"Hemiramphus lutkei 1","Eukaryota","Chordata","Actinopteri","Beloniformes","Hemiramphidae","Hemiramphus","Hemiramphus lutkei"
"Stegastes beebei 1","Eukaryota","Chordata","Actinopteri","Actinopteri class","Pomacentridae","Stegastes","Stegastes beebei"
"Sphoeroides annulatus 1","Eukaryota","Chordata","Actinopteri","Tetraodontiformes","Tetraodontidae","Sphoeroides","Sphoeroides annulatus"
"Sardinops genus 1","Eukaryota","Chordata","Actinopteri","Clupeiformes","Clupeidae","Sardinops","Sardinops genus"
"Euthynnus affinis 1","Eukaryota","Chordata","Actinopteri","Scombriformes","Scombridae","Euthynnus","Euthynnus affinis"
"Scarus ghobban 1","Eukaryota","Chordata","Actinopteri","Labriformes","Labridae","Scarus","Scarus ghobban"
"Anisotremus scapularis 1","Eukaryota","Chordata","Actinopteri","Lutjaniformes","Haemulidae","Anisotremus","Anisotremus scapularis"
"Muraena lentiginosa 1","Eukaryota","Chordata","Actinopteri","Anguilliformes","Muraenidae","Muraena","Muraena lentiginosa"
"Caranx crysos 1","Eukaryota","Chordata","Actinopteri","Carangiformes","Carangidae","Caranx","Caranx crysos"
"Lutjanus genus 1","Eukaryota","Chordata","Actinopteri","Lutjaniformes","Lutjanidae","Lutjanus","Lutjanus genus"
"Teleophrys cristulipes 1","Eukaryota","Arthropoda","Malacostraca","Decapoda","Mithracidae","Teleophrys","Teleophrys cristulipes"
"Grapsus grapsus 1","Eukaryota","Arthropoda","Malacostraca","Decapoda","Grapsidae","Grapsus","Grapsus grapsus"
"Pachygrapsus socius 1","Eukaryota","Arthropoda","Malacostraca","Decapoda","Grapsidae","Pachygrapsus","Pachygrapsus socius"
"Amphipholis squamata 1","Eukaryota","Echinodermata","Ophiuroidea","Amphilepidida","Amphiuridae","Amphipholis","Amphipholis squamata"
"Calappa convexa 1","Eukaryota","Arthropoda","Malacostraca","Decapoda","Calappidae","Calappa","Calappa convexa"
"Thunnus genus 1","Eukaryota","Chordata","Actinopteri","Scombriformes","Scombridae","Thunnus","Thunnus genus"
"Selar crumenophthalmus 1","Eukaryota","Chordata","Actinopteri","Carangiformes","Carangidae","Selar","Selar crumenophthalmus"
"Fistularia commersonii 1","Eukaryota","Chordata","Actinopteri","Syngnathiformes","Fistulariidae","Fistularia","Fistularia commersonii"
"Semicossyphus pulcher 1","Eukaryota","Chordata","Actinopteri","Labriformes","Labridae","Semicossyphus","Semicossyphus pulcher"
"Meiosquilla dawsoni 1","Eukaryota","Arthropoda","Malacostraca","Stomatopoda","Squillidae","Meiosquilla","Meiosquilla dawsoni"
"Achelous tuberculatus 1","Eukaryota","Arthropoda","Malacostraca","Decapoda","Portunidae","Achelous","Achelous tuberculatus"
"Palaemon ritteri 1","Eukaryota","Arthropoda","Malacostraca","Decapoda","Palaemonidae","Palaemon","Palaemon ritteri"
"Microcassiope xantusii 1","Eukaryota","Arthropoda","Malacostraca","Decapoda","Xanthidae","Microcassiope","Microcassiope xantusii"
"Abudefduf","Eukaryota","Chordata","Actinopterygii","Perciformes","Pomacentridae","Abudefduf","Abudefduf genus"
"Actinopteri","Eukaryota","Chordata","Actinopteri","Actinopteri class","Actinopteri class","Actinopteri class","Actinopteri class"
